{"ProjectBreakpointSettingValue":"{\"Value\":{\"Framework/GetTransactionData.xaml\":[],\"Process.xaml\":[],\"System1/ExtractW15Data.xaml\":[],\"Framework/CloseAllApplications.xaml\":[],\"NavigateToClientpage.xaml\":[],\"Sha1_HAshCode.xaml\":[],\"Main.xaml\":[],\"UpdateStatusToCompleted.xaml\":[],\"close Updatetab.xaml\":[],\"Close_Sha1.xaml\":[],\"Framework/InitAllApplications.xaml\":[]}}","OpenedDocuments":"[\"Sha1_HAshCode.xaml\",\"NavigateToClientpage.xaml\",\"Process.xaml\",\"Main.xaml\",\"System1/System1_Login.xaml\",\"Framework/InitAllApplications.xaml\"]","ProjectBreakpoints":"{\"Value\":{}}"}